-- phpMyAdmin SQL Dump
-- version 4.0.10.18
-- https://www.phpmyadmin.net
--
-- Host: localhost:3306
-- Generation Time: May 11, 2017 at 07:26 PM
-- Server version: 5.6.35-cll-lve
-- PHP Version: 5.6.30

SET SQL_MODE = "NO_AUTO_VALUE_ON_ZERO";
SET time_zone = "+00:00";


/*!40101 SET @OLD_CHARACTER_SET_CLIENT=@@CHARACTER_SET_CLIENT */;
/*!40101 SET @OLD_CHARACTER_SET_RESULTS=@@CHARACTER_SET_RESULTS */;
/*!40101 SET @OLD_COLLATION_CONNECTION=@@COLLATION_CONNECTION */;
/*!40101 SET NAMES utf8 */;

--
-- Database: `vyshnavi`
--

-- --------------------------------------------------------

--
-- Table structure for table `apr`
--

CREATE TABLE IF NOT EXISTS `apr` (
  `userid` int(11) NOT NULL,
  `total` int(11) NOT NULL
) ENGINE=MyISAM DEFAULT CHARSET=latin1;

--
-- Dumping data for table `apr`
--

INSERT INTO `apr` (`userid`, `total`) VALUES
(988904, 236),
(1179021, 189),
(1394505, 209),
(1248123, 226),
(1280231, 236),
(1254577, 189),
(1174498, 209),
(1238105, 226),
(1433633, 228),
(1292820, 209),
(1288418, 226),
(1321367, 236),
(1334099, 189),
(1299559, 209),
(1214700, 226),
(1314922, 238),
(1207115, 185),
(1145021, 223),
(1286560, 236),
(1335963, 189),
(1305863, 209),
(1067270, 226),
(1257333, 236),
(1193060, 189),
(1241839, 209),
(1253872, 226),
(1247263, 228),
(1064002, 224),
(1231014, 245),
(1325604, 192),
(1310470, 263),
(1298114, 223),
(1164409, 222),
(1319157, 236),
(1100186, 189),
(1266596, 226),
(1179011, 228),
(1230958, 224),
(1022793, 245),
(1253582, 192),
(1160887, 263),
(1184493, 157),
(1233376, 236),
(1337512, 189),
(1221703, 209),
(1288191, 226),
(1286309, 236),
(1337895, 189),
(1291589, 209),
(1325376, 226),
(1229463, 228),
(1256026, 241),
(1224061, 194),
(1285442, 239);

-- --------------------------------------------------------

--
-- Table structure for table `Assignments`
--

CREATE TABLE IF NOT EXISTS `Assignments` (
  `GradeID` varchar(30) NOT NULL,
  `AssignmentID` int(11) NOT NULL,
  `UserID` int(11) NOT NULL,
  `Score` int(11) NOT NULL
) ENGINE=MyISAM DEFAULT CHARSET=latin1;

--
-- Dumping data for table `Assignments`
--

INSERT INTO `Assignments` (`GradeID`, `AssignmentID`, `UserID`, `Score`) VALUES
('779069.988904', 779069, 988904, 10),
('779069.1179021', 779069, 1179021, 10),
('779069.1394505', 779069, 1394505, 10),
('779069.1248123', 779069, 1248123, 10),
('779069.1280231', 779069, 1280231, 10),
('779069.1254577', 779069, 1254577, 10),
('779069.1174498', 779069, 1174498, 10),
('779069.1238105', 779069, 1238105, 10),
('779069.1433633', 779069, 1433633, 10),
('779069.1292820', 779069, 1292820, 10),
('779069.1288418', 779069, 1288418, 10),
('779069.1321367', 779069, 1321367, 10),
('779069.1334099', 779069, 1334099, 8),
('779069.1299559', 779069, 1299559, 10),
('779069.1214700', 779069, 1214700, 10),
('779069.1314922', 779069, 1314922, 10),
('779069.1207115', 779069, 1207115, 10),
('779069.1145021', 779069, 1145021, 10),
('779069.1286560', 779069, 1286560, 10),
('779069.1335963', 779069, 1335963, 10),
('779069.1305863', 779069, 1305863, 10),
('779069.1067270', 779069, 1067270, 10),
('779069.1257333', 779069, 1257333, 10),
('779069.1193060', 779069, 1193060, 10),
('779069.1241839', 779069, 1241839, 10),
('779069.1253872', 779069, 1253872, 10),
('779069.1247263', 779069, 1247263, 10),
('779069.1064002', 779069, 1064002, 10),
('779069.1231014', 779069, 1231014, 10),
('779069.1325604', 779069, 1325604, 10),
('779069.1310470', 779069, 1310470, 8),
('779069.1298114', 779069, 1298114, 10),
('779069.1164409', 779069, 1164409, 10),
('779069.1319157', 779069, 1319157, 10),
('779069.1100186', 779069, 1100186, 10),
('779069.1266596', 779069, 1266596, 10),
('779069.1179011', 779069, 1179011, 10),
('779069.1230958', 779069, 1230958, 10),
('779069.1022793', 779069, 1022793, 10),
('779069.1253582', 779069, 1253582, 10),
('779069.1160887', 779069, 1160887, 10),
('779069.1184493', 779069, 1184493, 10),
('779069.1233376', 779069, 1233376, 10),
('779069.1337512', 779069, 1337512, 10),
('779069.1221703', 779069, 1221703, 10),
('779069.1288191', 779069, 1288191, 10),
('779069.1286309', 779069, 1286309, 10),
('779069.1337895', 779069, 1337895, 10),
('779069.1291589', 779069, 1291589, 10),
('779069.1325376', 779069, 1325376, 10),
('779069.1229463', 779069, 1229463, 10),
('779069.1256026', 779069, 1256026, 10),
('779069.1224061', 779069, 1224061, 10),
('779069.1285442', 779069, 1285442, 10),
('779071.988904', 779071, 988904, 10),
('779071.1179021', 779071, 1179021, 10),
('779071.1394505', 779071, 1394505, 10),
('779071.1248123', 779071, 1248123, 10),
('779071.1280231', 779071, 1280231, 10),
('779071.1254577', 779071, 1254577, 10),
('779071.1174498', 779071, 1174498, 10),
('779071.1238105', 779071, 1238105, 0),
('779071.1433633', 779071, 1433633, 0),
('779071.1292820', 779071, 1292820, 10),
('779071.1288418', 779071, 1288418, 10),
('779071.1321367', 779071, 1321367, 10),
('779071.1334099', 779071, 1334099, 10),
('779071.1299559', 779071, 1299559, 10),
('779071.1214700', 779071, 1214700, 0),
('779071.1314922', 779071, 1314922, 0),
('779071.1207115', 779071, 1207115, 10),
('779071.1145021', 779071, 1145021, 10),
('779071.1286560', 779071, 1286560, 10),
('779071.1335963', 779071, 1335963, 10),
('779071.1305863', 779071, 1305863, 10),
('779071.1067270', 779071, 1067270, 10),
('779071.1257333', 779071, 1257333, 10),
('779071.1193060', 779071, 1193060, 10),
('779071.1241839', 779071, 1241839, 10),
('779071.1253872', 779071, 1253872, 10),
('779071.1247263', 779071, 1247263, 10),
('779071.1064002', 779071, 1064002, 10),
('779071.1231014', 779071, 1231014, 10),
('779071.1325604', 779071, 1325604, 10),
('779071.1310470', 779071, 1310470, 10),
('779071.1298114', 779071, 1298114, 10),
('779071.1164409', 779071, 1164409, 10),
('779071.1319157', 779071, 1319157, 10),
('779071.1100186', 779071, 1100186, 10),
('779071.1266596', 779071, 1266596, 10),
('779071.1179011', 779071, 1179011, 10),
('779071.1230958', 779071, 1230958, 10),
('779071.1022793', 779071, 1022793, 0),
('779071.1253582', 779071, 1253582, 10),
('779071.1160887', 779071, 1160887, 10),
('779071.1184493', 779071, 1184493, 10),
('779071.1233376', 779071, 1233376, 10),
('779071.1337512', 779071, 1337512, 10),
('779071.1221703', 779071, 1221703, 10),
('779071.1288191', 779071, 1288191, 10),
('779071.1286309', 779071, 1286309, 0),
('779071.1337895', 779071, 1337895, 10),
('779071.1291589', 779071, 1291589, 0),
('779071.1325376', 779071, 1325376, 10),
('779071.1229463', 779071, 1229463, 10),
('779071.1256026', 779071, 1256026, 10),
('779071.1224061', 779071, 1224061, 10),
('779071.1285442', 779071, 1285442, 0),
('779074.988904', 779074, 988904, 10),
('779074.1179021', 779074, 1179021, 10),
('779074.1394505', 779074, 1394505, 10),
('779074.1248123', 779074, 1248123, 10),
('779074.1280231', 779074, 1280231, 10),
('779074.1254577', 779074, 1254577, 10),
('779074.1174498', 779074, 1174498, 10),
('779074.1238105', 779074, 1238105, 10),
('779074.1433633', 779074, 1433633, 10),
('779074.1292820', 779074, 1292820, 10),
('779074.1288418', 779074, 1288418, 10),
('779074.1321367', 779074, 1321367, 10),
('779074.1334099', 779074, 1334099, 0),
('779074.1299559', 779074, 1299559, 10),
('779074.1214700', 779074, 1214700, 10),
('779074.1314922', 779074, 1314922, 10),
('779074.1207115', 779074, 1207115, 10),
('779074.1145021', 779074, 1145021, 10),
('779074.1286560', 779074, 1286560, 10),
('779074.1335963', 779074, 1335963, 10),
('779074.1305863', 779074, 1305863, 0),
('779074.1067270', 779074, 1067270, 10),
('779074.1257333', 779074, 1257333, 10),
('779074.1193060', 779074, 1193060, 10),
('779074.1241839', 779074, 1241839, 10),
('779074.1253872', 779074, 1253872, 10),
('779074.1247263', 779074, 1247263, 10),
('779074.1064002', 779074, 1064002, 10),
('779074.1231014', 779074, 1231014, 10),
('779074.1325604', 779074, 1325604, 10),
('779074.1310470', 779074, 1310470, 0),
('779074.1298114', 779074, 1298114, 10),
('779074.1164409', 779074, 1164409, 10),
('779074.1319157', 779074, 1319157, 10),
('779074.1100186', 779074, 1100186, 10),
('779074.1266596', 779074, 1266596, 10),
('779074.1179011', 779074, 1179011, 10),
('779074.1230958', 779074, 1230958, 10),
('779074.1022793', 779074, 1022793, 10),
('779074.1253582', 779074, 1253582, 10),
('779074.1160887', 779074, 1160887, 10),
('779074.1184493', 779074, 1184493, 10),
('779074.1233376', 779074, 1233376, 0),
('779074.1337512', 779074, 1337512, 10),
('779074.1221703', 779074, 1221703, 10),
('779074.1288191', 779074, 1288191, 10),
('779074.1286309', 779074, 1286309, 10),
('779074.1337895', 779074, 1337895, 10),
('779074.1291589', 779074, 1291589, 10),
('779074.1325376', 779074, 1325376, 10),
('779074.1229463', 779074, 1229463, 10),
('779074.1256026', 779074, 1256026, 10),
('779074.1224061', 779074, 1224061, 10),
('779074.1285442', 779074, 1285442, 0),
('779075.988904', 779075, 988904, 10),
('779075.1179021', 779075, 1179021, 10),
('779075.1394505', 779075, 1394505, 10),
('779075.1248123', 779075, 1248123, 10),
('779075.1280231', 779075, 1280231, 10),
('779075.1254577', 779075, 1254577, 10),
('779075.1174498', 779075, 1174498, 10),
('779075.1238105', 779075, 1238105, 10),
('779075.1433633', 779075, 1433633, 10),
('779075.1292820', 779075, 1292820, 10),
('779075.1288418', 779075, 1288418, 10),
('779075.1321367', 779075, 1321367, 10),
('779075.1334099', 779075, 1334099, 10),
('779075.1299559', 779075, 1299559, 10),
('779075.1214700', 779075, 1214700, 10),
('779075.1314922', 779075, 1314922, 10),
('779075.1207115', 779075, 1207115, 10),
('779075.1145021', 779075, 1145021, 10),
('779075.1286560', 779075, 1286560, 10),
('779075.1335963', 779075, 1335963, 10),
('779075.1305863', 779075, 1305863, 10),
('779075.1067270', 779075, 1067270, 10),
('779075.1257333', 779075, 1257333, 10),
('779075.1193060', 779075, 1193060, 10),
('779075.1241839', 779075, 1241839, 10),
('779075.1253872', 779075, 1253872, 10),
('779075.1247263', 779075, 1247263, 10),
('779075.1064002', 779075, 1064002, 10),
('779075.1231014', 779075, 1231014, 10),
('779075.1325604', 779075, 1325604, 10),
('779075.1310470', 779075, 1310470, 10),
('779075.1298114', 779075, 1298114, 10),
('779075.1164409', 779075, 1164409, 10),
('779075.1319157', 779075, 1319157, 10),
('779075.1100186', 779075, 1100186, 10),
('779075.1266596', 779075, 1266596, 10),
('779075.1179011', 779075, 1179011, 10),
('779075.1230958', 779075, 1230958, 10),
('779075.1022793', 779075, 1022793, 10),
('779075.1253582', 779075, 1253582, 10),
('779075.1160887', 779075, 1160887, 10),
('779075.1184493', 779075, 1184493, 10),
('779075.1233376', 779075, 1233376, 10),
('779075.1337512', 779075, 1337512, 0),
('779075.1221703', 779075, 1221703, 10),
('779075.1288191', 779075, 1288191, 10),
('779075.1286309', 779075, 1286309, 10),
('779075.1337895', 779075, 1337895, 0),
('779075.1291589', 779075, 1291589, 10),
('779075.1325376', 779075, 1325376, 10),
('779075.1229463', 779075, 1229463, 10),
('779075.1256026', 779075, 1256026, 10),
('779075.1224061', 779075, 1224061, 0),
('779075.1285442', 779075, 1285442, 10),
('779076.988904', 779076, 988904, 10),
('779076.1179021', 779076, 1179021, 10),
('779076.1394505', 779076, 1394505, 10),
('779076.1248123', 779076, 1248123, 10),
('779076.1280231', 779076, 1280231, 10),
('779076.1254577', 779076, 1254577, 10),
('779076.1174498', 779076, 1174498, 10),
('779076.1238105', 779076, 1238105, 10),
('779076.1433633', 779076, 1433633, 10),
('779076.1292820', 779076, 1292820, 10),
('779076.1288418', 779076, 1288418, 10),
('779076.1321367', 779076, 1321367, 10),
('779076.1334099', 779076, 1334099, 10),
('779076.1299559', 779076, 1299559, 10),
('779076.1214700', 779076, 1214700, 0),
('779076.1314922', 779076, 1314922, 10),
('779076.1207115', 779076, 1207115, 10),
('779076.1145021', 779076, 1145021, 10),
('779076.1286560', 779076, 1286560, 10),
('779076.1335963', 779076, 1335963, 10),
('779076.1305863', 779076, 1305863, 10),
('779076.1067270', 779076, 1067270, 10),
('779076.1257333', 779076, 1257333, 10),
('779076.1193060', 779076, 1193060, 0),
('779076.1241839', 779076, 1241839, 0),
('779076.1253872', 779076, 1253872, 10),
('779076.1247263', 779076, 1247263, 10),
('779076.1064002', 779076, 1064002, 10),
('779076.1231014', 779076, 1231014, 10),
('779076.1325604', 779076, 1325604, 0),
('779076.1310470', 779076, 1310470, 10),
('779076.1298114', 779076, 1298114, 0),
('779076.1164409', 779076, 1164409, 10),
('779076.1319157', 779076, 1319157, 10),
('779076.1100186', 779076, 1100186, 10),
('779076.1266596', 779076, 1266596, 10),
('779076.1179011', 779076, 1179011, 10),
('779076.1230958', 779076, 1230958, 10),
('779076.1022793', 779076, 1022793, 0),
('779076.1253582', 779076, 1253582, 10),
('779076.1160887', 779076, 1160887, 10),
('779076.1184493', 779076, 1184493, 10),
('779076.1233376', 779076, 1233376, 10),
('779076.1337512', 779076, 1337512, 0),
('779076.1221703', 779076, 1221703, 10),
('779076.1288191', 779076, 1288191, 10),
('779076.1286309', 779076, 1286309, 10),
('779076.1337895', 779076, 1337895, 10),
('779076.1291589', 779076, 1291589, 10),
('779076.1325376', 779076, 1325376, 10),
('779076.1229463', 779076, 1229463, 10),
('779076.1256026', 779076, 1256026, 10),
('779076.1224061', 779076, 1224061, 10),
('779076.1285442', 779076, 1285442, 10),
('779077.988904', 779077, 988904, 10),
('779077.1179021', 779077, 1179021, 10),
('779077.1394505', 779077, 1394505, 10),
('779077.1248123', 779077, 1248123, 10),
('779077.1280231', 779077, 1280231, 10),
('779077.1254577', 779077, 1254577, 10),
('779077.1174498', 779077, 1174498, 10),
('779077.1238105', 779077, 1238105, 10),
('779077.1433633', 779077, 1433633, 10),
('779077.1292820', 779077, 1292820, 10),
('779077.1288418', 779077, 1288418, 10),
('779077.1321367', 779077, 1321367, 10),
('779077.1334099', 779077, 1334099, 10),
('779077.1299559', 779077, 1299559, 10),
('779077.1214700', 779077, 1214700, 0),
('779077.1314922', 779077, 1314922, 10),
('779077.1207115', 779077, 1207115, 10),
('779077.1145021', 779077, 1145021, 10),
('779077.1286560', 779077, 1286560, 0),
('779077.1335963', 779077, 1335963, 10),
('779077.1305863', 779077, 1305863, 10),
('779077.1067270', 779077, 1067270, 10),
('779077.1257333', 779077, 1257333, 10),
('779077.1193060', 779077, 1193060, 10),
('779077.1241839', 779077, 1241839, 10),
('779077.1253872', 779077, 1253872, 10),
('779077.1247263', 779077, 1247263, 10),
('779077.1064002', 779077, 1064002, 10),
('779077.1231014', 779077, 1231014, 10),
('779077.1325604', 779077, 1325604, 10),
('779077.1310470', 779077, 1310470, 10),
('779077.1298114', 779077, 1298114, 10),
('779077.1164409', 779077, 1164409, 10),
('779077.1319157', 779077, 1319157, 10),
('779077.1100186', 779077, 1100186, 10),
('779077.1266596', 779077, 1266596, 10),
('779077.1179011', 779077, 1179011, 10),
('779077.1230958', 779077, 1230958, 10),
('779077.1022793', 779077, 1022793, 10),
('779077.1253582', 779077, 1253582, 10),
('779077.1160887', 779077, 1160887, 10),
('779077.1184493', 779077, 1184493, 10),
('779077.1233376', 779077, 1233376, 0),
('779077.1337512', 779077, 1337512, 10),
('779077.1221703', 779077, 1221703, 10),
('779077.1288191', 779077, 1288191, 10),
('779077.1286309', 779077, 1286309, 0),
('779077.1337895', 779077, 1337895, 10),
('779077.1291589', 779077, 1291589, 10),
('779077.1325376', 779077, 1325376, 10),
('779077.1229463', 779077, 1229463, 0),
('779077.1256026', 779077, 1256026, 10),
('779077.1224061', 779077, 1224061, 10),
('779077.1285442', 779077, 1285442, 10),
('779078.988904', 779078, 988904, 10),
('779078.1179021', 779078, 1179021, 10),
('779078.1394505', 779078, 1394505, 10),
('779078.1248123', 779078, 1248123, 10),
('779078.1280231', 779078, 1280231, 10),
('779078.1254577', 779078, 1254577, 10),
('779078.1174498', 779078, 1174498, 10),
('779078.1238105', 779078, 1238105, 10),
('779078.1433633', 779078, 1433633, 10),
('779078.1292820', 779078, 1292820, 10),
('779078.1288418', 779078, 1288418, 10),
('779078.1321367', 779078, 1321367, 10),
('779078.1334099', 779078, 1334099, 10),
('779078.1299559', 779078, 1299559, 10),
('779078.1214700', 779078, 1214700, 0),
('779078.1314922', 779078, 1314922, 10),
('779078.1207115', 779078, 1207115, 10),
('779078.1145021', 779078, 1145021, 10),
('779078.1286560', 779078, 1286560, 10),
('779078.1335963', 779078, 1335963, 10),
('779078.1305863', 779078, 1305863, 10),
('779078.1067270', 779078, 1067270, 10),
('779078.1257333', 779078, 1257333, 10),
('779078.1193060', 779078, 1193060, 0),
('779078.1241839', 779078, 1241839, 10),
('779078.1253872', 779078, 1253872, 10),
('779078.1247263', 779078, 1247263, 10),
('779078.1064002', 779078, 1064002, 10),
('779078.1231014', 779078, 1231014, 10),
('779078.1325604', 779078, 1325604, 10),
('779078.1310470', 779078, 1310470, 10),
('779078.1298114', 779078, 1298114, 10),
('779078.1164409', 779078, 1164409, 10),
('779078.1319157', 779078, 1319157, 10),
('779078.1100186', 779078, 1100186, 10),
('779078.1266596', 779078, 1266596, 10),
('779078.1179011', 779078, 1179011, 10),
('779078.1230958', 779078, 1230958, 10),
('779078.1022793', 779078, 1022793, 10),
('779078.1253582', 779078, 1253582, 10),
('779078.1160887', 779078, 1160887, 10),
('779078.1184493', 779078, 1184493, 10),
('779078.1233376', 779078, 1233376, 10),
('779078.1337512', 779078, 1337512, 10),
('779078.1221703', 779078, 1221703, 10),
('779078.1288191', 779078, 1288191, 10),
('779078.1286309', 779078, 1286309, 10),
('779078.1337895', 779078, 1337895, 10),
('779078.1291589', 779078, 1291589, 10),
('779078.1325376', 779078, 1325376, 10),
('779078.1229463', 779078, 1229463, 10),
('779078.1256026', 779078, 1256026, 10),
('779078.1224061', 779078, 1224061, 10),
('779078.1285442', 779078, 1285442, 10),
('779079.988904', 779079, 988904, 10),
('779079.1179021', 779079, 1179021, 0),
('779079.1394505', 779079, 1394505, 0),
('779079.1248123', 779079, 1248123, 10),
('779079.1280231', 779079, 1280231, 10),
('779079.1254577', 779079, 1254577, 10),
('779079.1174498', 779079, 1174498, 10),
('779079.1238105', 779079, 1238105, 10),
('779079.1433633', 779079, 1433633, 0),
('779079.1292820', 779079, 1292820, 10),
('779079.1288418', 779079, 1288418, 10),
('779079.1321367', 779079, 1321367, 10),
('779079.1334099', 779079, 1334099, 10),
('779079.1299559', 779079, 1299559, 0),
('779079.1214700', 779079, 1214700, 0),
('779079.1314922', 779079, 1314922, 10),
('779079.1207115', 779079, 1207115, 10),
('779079.1145021', 779079, 1145021, 10),
('779079.1286560', 779079, 1286560, 10),
('779079.1335963', 779079, 1335963, 10),
('779079.1305863', 779079, 1305863, 10),
('779079.1067270', 779079, 1067270, 10),
('779079.1257333', 779079, 1257333, 10),
('779079.1193060', 779079, 1193060, 10),
('779079.1241839', 779079, 1241839, 10),
('779079.1253872', 779079, 1253872, 10),
('779079.1247263', 779079, 1247263, 10),
('779079.1064002', 779079, 1064002, 10),
('779079.1231014', 779079, 1231014, 10),
('779079.1325604', 779079, 1325604, 10),
('779079.1310470', 779079, 1310470, 0),
('779079.1298114', 779079, 1298114, 10),
('779079.1164409', 779079, 1164409, 10),
('779079.1319157', 779079, 1319157, 10),
('779079.1100186', 779079, 1100186, 10),
('779079.1266596', 779079, 1266596, 10),
('779079.1179011', 779079, 1179011, 10),
('779079.1230958', 779079, 1230958, 10),
('779079.1022793', 779079, 1022793, 10),
('779079.1253582', 779079, 1253582, 10),
('779079.1160887', 779079, 1160887, 10),
('779079.1184493', 779079, 1184493, 10),
('779079.1233376', 779079, 1233376, 10),
('779079.1337512', 779079, 1337512, 0),
('779079.1221703', 779079, 1221703, 10),
('779079.1288191', 779079, 1288191, 10),
('779079.1286309', 779079, 1286309, 10),
('779079.1337895', 779079, 1337895, 0),
('779079.1291589', 779079, 1291589, 10),
('779079.1325376', 779079, 1325376, 10),
('779079.1229463', 779079, 1229463, 0),
('779079.1256026', 779079, 1256026, 10),
('779079.1224061', 779079, 1224061, 10),
('779079.1285442', 779079, 1285442, 10),
('779080.988904', 779080, 988904, 10),
('779080.1179021', 779080, 1179021, 0),
('779080.1394505', 779080, 1394505, 0),
('779080.1248123', 779080, 1248123, 10),
('779080.1280231', 779080, 1280231, 10),
('779080.1254577', 779080, 1254577, 10),
('779080.1174498', 779080, 1174498, 10),
('779080.1238105', 779080, 1238105, 10),
('779080.1433633', 779080, 1433633, 10),
('779080.1292820', 779080, 1292820, 10),
('779080.1288418', 779080, 1288418, 10),
('779080.1321367', 779080, 1321367, 10),
('779080.1334099', 779080, 1334099, 10),
('779080.1299559', 779080, 1299559, 10),
('779080.1214700', 779080, 1214700, 0),
('779080.1314922', 779080, 1314922, 10),
('779080.1207115', 779080, 1207115, 10),
('779080.1145021', 779080, 1145021, 10),
('779080.1286560', 779080, 1286560, 10),
('779080.1335963', 779080, 1335963, 10),
('779080.1305863', 779080, 1305863, 10),
('779080.1067270', 779080, 1067270, 10),
('779080.1257333', 779080, 1257333, 10),
('779080.1193060', 779080, 1193060, 0),
('779080.1241839', 779080, 1241839, 10),
('779080.1253872', 779080, 1253872, 10),
('779080.1247263', 779080, 1247263, 10),
('779080.1064002', 779080, 1064002, 10),
('779080.1231014', 779080, 1231014, 10),
('779080.1325604', 779080, 1325604, 10),
('779080.1310470', 779080, 1310470, 10),
('779080.1298114', 779080, 1298114, 10),
('779080.1164409', 779080, 1164409, 10),
('779080.1319157', 779080, 1319157, 10),
('779080.1100186', 779080, 1100186, 10),
('779080.1266596', 779080, 1266596, 10),
('779080.1179011', 779080, 1179011, 10),
('779080.1230958', 779080, 1230958, 10),
('779080.1022793', 779080, 1022793, 10),
('779080.1253582', 779080, 1253582, 10),
('779080.1160887', 779080, 1160887, 10),
('779080.1184493', 779080, 1184493, 10),
('779080.1233376', 779080, 1233376, 10),
('779080.1337512', 779080, 1337512, 10),
('779080.1221703', 779080, 1221703, 10),
('779080.1288191', 779080, 1288191, 10),
('779080.1286309', 779080, 1286309, 10),
('779080.1337895', 779080, 1337895, 0),
('779080.1291589', 779080, 1291589, 0),
('779080.1325376', 779080, 1325376, 10),
('779080.1229463', 779080, 1229463, 10),
('779080.1256026', 779080, 1256026, 10),
('779080.1224061', 779080, 1224061, 10),
('779080.1285442', 779080, 1285442, 10),
('779086.988904', 779086, 988904, 25),
('779086.1179021', 779086, 1179021, 25),
('779086.1351386', 779086, 1351386, 22),
('779086.1394505', 779086, 1394505, 25),
('779086.1248123', 779086, 1248123, 25),
('779086.1280231', 779086, 1280231, 25),
('779086.1254577', 779086, 1254577, 13),
('779086.1174498', 779086, 1174498, 21),
('779086.1238105', 779086, 1238105, 14),
('779086.1433633', 779086, 1433633, 25),
('779086.1194896', 779086, 1194896, 20),
('779086.1292820', 779086, 1292820, 16),
('779086.1288418', 779086, 1288418, 25),
('779086.1321367', 779086, 1321367, 25),
('779086.1334099', 779086, 1334099, 25),
('779086.1299559', 779086, 1299559, 25),
('779086.1214700', 779086, 1214700, 19),
('779086.1314922', 779086, 1314922, 21),
('779086.1207115', 779086, 1207115, 23),
('779086.1310270', 779086, 1310270, 24),
('779086.1145021', 779086, 1145021, 23),
('779086.1286560', 779086, 1286560, 25),
('779086.1335963', 779086, 1335963, 25),
('779086.1305863', 779086, 1305863, 25),
('779086.1067270', 779086, 1067270, 25),
('779086.1257333', 779086, 1257333, 25),
('779086.1193060', 779086, 1193060, 25),
('779086.1241839', 779086, 1241839, 25),
('779086.1253872', 779086, 1253872, 25),
('779086.1247263', 779086, 1247263, 23),
('779086.1064002', 779086, 1064002, 25),
('779086.1231014', 779086, 1231014, 25),
('779086.1325604', 779086, 1325604, 22),
('779086.1310470', 779086, 1310470, 23),
('779086.1298114', 779086, 1298114, 25),
('779086.1164409', 779086, 1164409, 25),
('779086.1319157', 779086, 1319157, 25),
('779086.1100186', 779086, 1100186, 25),
('779086.1266596', 779086, 1266596, 25),
('779086.1179011', 779086, 1179011, 24),
('779086.1230958', 779086, 1230958, 25),
('779086.1022793', 779086, 1022793, 25),
('779086.1253582', 779086, 1253582, 25),
('779086.1160887', 779086, 1160887, 24),
('779086.1184493', 779086, 1184493, 21),
('779086.1233376', 779086, 1233376, 14),
('779086.1337512', 779086, 1337512, 25),
('779086.1221703', 779086, 1221703, 21),
('779086.1288191', 779086, 1288191, 5),
('779086.1286309', 779086, 1286309, 25),
('779086.1337895', 779086, 1337895, 25),
('779086.1291589', 779086, 1291589, 22),
('779086.1325376', 779086, 1325376, 25),
('779086.1229463', 779086, 1229463, 7),
('779086.1208572', 779086, 1208572, 25),
('779086.1256026', 779086, 1256026, 25),
('779086.1224061', 779086, 1224061, 23),
('779086.1285442', 779086, 1285442, 19),
('779087.988904', 779087, 988904, 25),
('779087.1179021', 779087, 1179021, 25),
('779087.1351386', 779087, 1351386, 16),
('779087.1394505', 779087, 1394505, 24),
('779087.1248123', 779087, 1248123, 22),
('779087.1280231', 779087, 1280231, 25),
('779087.1254577', 779087, 1254577, 22),
('779087.1174498', 779087, 1174498, 24),
('779087.1238105', 779087, 1238105, 0),
('779087.1433633', 779087, 1433633, 24),
('779087.1194896', 779087, 1194896, 0),
('779087.1292820', 779087, 1292820, 21),
('779087.1288418', 779087, 1288418, 25),
('779087.1321367', 779087, 1321367, 25),
('779087.1334099', 779087, 1334099, 23),
('779087.1299559', 779087, 1299559, 21),
('779087.1214700', 779087, 1214700, 2),
('779087.1314922', 779087, 1314922, 24),
('779087.1207115', 779087, 1207115, 20),
('779087.1310270', 779087, 1310270, 18),
('779087.1145021', 779087, 1145021, 25),
('779087.1286560', 779087, 1286560, 25),
('779087.1335963', 779087, 1335963, 20),
('779087.1305863', 779087, 1305863, 25),
('779087.1067270', 779087, 1067270, 25),
('779087.1257333', 779087, 1257333, 21),
('779087.1193060', 779087, 1193060, 25),
('779087.1241839', 779087, 1241839, 25),
('779087.1253872', 779087, 1253872, 24),
('779087.1247263', 779087, 1247263, 25),
('779087.1064002', 779087, 1064002, 24),
('779087.1231014', 779087, 1231014, 25),
('779087.1325604', 779087, 1325604, 0),
('779087.1310470', 779087, 1310470, 25),
('779087.1298114', 779087, 1298114, 0),
('779087.1164409', 779087, 1164409, 25),
('779087.1319157', 779087, 1319157, 23),
('779087.1100186', 779087, 1100186, 16),
('779087.1266596', 779087, 1266596, 24),
('779087.1179011', 779087, 1179011, 25),
('779087.1230958', 779087, 1230958, 23),
('779087.1022793', 779087, 1022793, 25),
('779087.1253582', 779087, 1253582, 25),
('779087.1160887', 779087, 1160887, 0),
('779087.1184493', 779087, 1184493, 24),
('779087.1233376', 779087, 1233376, 0),
('779087.1337512', 779087, 1337512, 18),
('779087.1221703', 779087, 1221703, 17),
('779087.1288191', 779087, 1288191, 17),
('779087.1286309', 779087, 1286309, 12),
('779087.1337895', 779087, 1337895, 25),
('779087.1291589', 779087, 1291589, 3),
('779087.1325376', 779087, 1325376, 25),
('779087.1229463', 779087, 1229463, 24),
('779087.1208572', 779087, 1208572, 25),
('779087.1256026', 779087, 1256026, 25),
('779087.1224061', 779087, 1224061, 20),
('779087.1285442', 779087, 1285442, 16),
('779088.988904', 779088, 988904, 25),
('779088.1179021', 779088, 1179021, 25),
('779088.1351386', 779088, 1351386, 25),
('779088.1394505', 779088, 1394505, 25),
('779088.1248123', 779088, 1248123, 25),
('779088.1280231', 779088, 1280231, 25),
('779088.1254577', 779088, 1254577, 25),
('779088.1174498', 779088, 1174498, 25),
('779088.1238105', 779088, 1238105, 15),
('779088.1433633', 779088, 1433633, 10),
('779088.1194896', 779088, 1194896, 0),
('779088.1292820', 779088, 1292820, 20),
('779088.1288418', 779088, 1288418, 25),
('779088.1321367', 779088, 1321367, 25),
('779088.1334099', 779088, 1334099, 25),
('779088.1299559', 779088, 1299559, 25),
('779088.1214700', 779088, 1214700, 0),
('779088.1314922', 779088, 1314922, 25),
('779088.1207115', 779088, 1207115, 25),
('779088.1310270', 779088, 1310270, 22),
('779088.1145021', 779088, 1145021, 25),
('779088.1286560', 779088, 1286560, 25),
('779088.1335963', 779088, 1335963, 25),
('779088.1305863', 779088, 1305863, 25),
('779088.1067270', 779088, 1067270, 15),
('779088.1257333', 779088, 1257333, 25),
('779088.1193060', 779088, 1193060, 25),
('779088.1241839', 779088, 1241839, 25),
('779088.1253872', 779088, 1253872, 25),
('779088.1247263', 779088, 1247263, 25),
('779088.1064002', 779088, 1064002, 25),
('779088.1231014', 779088, 1231014, 25),
('779088.1325604', 779088, 1325604, 18),
('779088.1310470', 779088, 1310470, 24),
('779088.1298114', 779088, 1298114, 15),
('779088.1164409', 779088, 1164409, 25),
('779088.1319157', 779088, 1319157, 25),
('779088.1100186', 779088, 1100186, 25),
('779088.1266596', 779088, 1266596, 25),
('779088.1179011', 779088, 1179011, 25),
('779088.1230958', 779088, 1230958, 25),
('779088.1022793', 779088, 1022793, 16),
('779088.1253582', 779088, 1253582, 25),
('779088.1160887', 779088, 1160887, 25),
('779088.1184493', 779088, 1184493, 25),
('779088.1233376', 779088, 1233376, 21),
('779088.1337512', 779088, 1337512, 25),
('779088.1221703', 779088, 1221703, 25),
('779088.1288191', 779088, 1288191, 25),
('779088.1286309', 779088, 1286309, 25),
('779088.1337895', 779088, 1337895, 24),
('779088.1291589', 779088, 1291589, 0),
('779088.1325376', 779088, 1325376, 25),
('779088.1229463', 779088, 1229463, 19),
('779088.1208572', 779088, 1208572, 25),
('779088.1256026', 779088, 1256026, 25),
('779088.1224061', 779088, 1224061, 23),
('779088.1285442', 779088, 1285442, 25),
('779089.988904', 779089, 988904, 25),
('779089.1179021', 779089, 1179021, 25),
('779089.1351386', 779089, 1351386, 25),
('779089.1394505', 779089, 1394505, 25),
('779089.1248123', 779089, 1248123, 25),
('779089.1280231', 779089, 1280231, 25),
('779089.1254577', 779089, 1254577, 0),
('779089.1174498', 779089, 1174498, 25),
('779089.1238105', 779089, 1238105, 25),
('779089.1433633', 779089, 1433633, 25),
('779089.1194896', 779089, 1194896, 0),
('779089.1292820', 779089, 1292820, 25),
('779089.1288418', 779089, 1288418, 25),
('779089.1321367', 779089, 1321367, 25),
('779089.1334099', 779089, 1334099, 25),
('779089.1299559', 779089, 1299559, 25),
('779089.1214700', 779089, 1214700, 11),
('779089.1314922', 779089, 1314922, 25),
('779089.1207115', 779089, 1207115, 25),
('779089.1310270', 779089, 1310270, 25),
('779089.1145021', 779089, 1145021, 25),
('779089.1286560', 779089, 1286560, 25),
('779089.1335963', 779089, 1335963, 25),
('779089.1305863', 779089, 1305863, 25),
('779089.1067270', 779089, 1067270, 25),
('779089.1257333', 779089, 1257333, 25),
('779089.1193060', 779089, 1193060, 25),
('779089.1241839', 779089, 1241839, 25),
('779089.1253872', 779089, 1253872, 25),
('779089.1247263', 779089, 1247263, 25),
('779089.1064002', 779089, 1064002, 25),
('779089.1231014', 779089, 1231014, 25),
('779089.1325604', 779089, 1325604, 25),
('779089.1310470', 779089, 1310470, 11),
('779089.1298114', 779089, 1298114, 0),
('779089.1164409', 779089, 1164409, 25),
('779089.1319157', 779089, 1319157, 25),
('779089.1100186', 779089, 1100186, 25),
('779089.1266596', 779089, 1266596, 25),
('779089.1179011', 779089, 1179011, 25),
('779089.1230958', 779089, 1230958, 24),
('779089.1022793', 779089, 1022793, 25),
('779089.1253582', 779089, 1253582, 25),
('779089.1160887', 779089, 1160887, 16),
('779089.1184493', 779089, 1184493, 25),
('779089.1233376', 779089, 1233376, 25),
('779089.1337512', 779089, 1337512, 0),
('779089.1221703', 779089, 1221703, 25),
('779089.1288191', 779089, 1288191, 25),
('779089.1286309', 779089, 1286309, 11),
('779089.1337895', 779089, 1337895, 25),
('779089.1291589', 779089, 1291589, 23),
('779089.1325376', 779089, 1325376, 25),
('779089.1229463', 779089, 1229463, 25),
('779089.1208572', 779089, 1208572, 25),
('779089.1256026', 779089, 1256026, 25),
('779089.1224061', 779089, 1224061, 11),
('779089.1285442', 779089, 1285442, 25);

-- --------------------------------------------------------

--
-- Table structure for table `attendance`
--

CREATE TABLE IF NOT EXISTS `attendance` (
  `Stud_ID` int(11) NOT NULL,
  `Present_classes` int(11) NOT NULL,
  `missedclasses` int(11) NOT NULL,
  `marks` int(11) NOT NULL,
  `week1` varchar(10) NOT NULL,
  `week2` varchar(10) NOT NULL,
  `week3` varchar(10) NOT NULL,
  `week4` varchar(10) NOT NULL,
  `week5` varchar(10) NOT NULL,
  `week6` varchar(10) NOT NULL,
  `week7` varchar(10) NOT NULL,
  `week8` varchar(10) NOT NULL,
  `week9` varchar(10) NOT NULL,
  `week10` varchar(10) NOT NULL,
  `week11` varchar(10) NOT NULL,
  `week12` varchar(10) NOT NULL,
  `week13` varchar(10) NOT NULL,
  `week14` varchar(10) NOT NULL
) ENGINE=MyISAM DEFAULT CHARSET=latin1;

--
-- Dumping data for table `attendance`
--

INSERT INTO `attendance` (`Stud_ID`, `Present_classes`, `missedclasses`, `marks`, `week1`, `week2`, `week3`, `week4`, `week5`, `week6`, `week7`, `week8`, `week9`, `week10`, `week11`, `week12`, `week13`, `week14`) VALUES
(988904, 9, 5, 90, 'p', 'p', 'a', 'p', 'p', 'a', 'a', 'a', 'p', 'a', 'p', 'p', 'p', 'p'),
(1179021, 13, 1, 130, 'p', 'p', 'p', 'p', 'a', 'p', 'p', 'p', 'p', 'p', 'p', 'p', 'p', 'p'),
(1394505, 12, 2, 120, 'p', 'p', 'p', 'p', 'a', 'p', 'p', 'p', 'p', 'p', 'p', 'a', 'p', 'p'),
(1248123, 7, 7, 70, 'a', 'p', 'a', 'p', 'a', 'p', 'a', 'p', 'a', 'p', 'a', 'p', 'a', 'p'),
(1280231, 14, 0, 140, 'p', 'p', 'p', 'p', 'p', 'p', 'p', 'p', 'p', 'p', 'p', 'p', 'p', 'p'),
(1254577, 3, 11, 30, 'a', 'a', 'p', 'a', 'a', 'p', 'p', 'a', 'a', 'a', 'a', 'a', 'a', 'a'),
(1174498, 10, 4, 100, 'p', 'p', 'p', 'p', 'p', 'p', 'p', 'p', 'a', 'a', 'p', 'p', 'a', 'a'),
(1238105, 0, 14, 0, 'a', 'a', 'a', 'a', 'a', 'a', 'a', 'a', 'a', 'a', 'a', 'a', 'a', 'a'),
(1433633, 6, 8, 60, 'a', 'p', 'a', 'p', 'p', 'p', 'a', 'p', 'a', 'p', 'a', 'a', 'a', 'a'),
(1292820, 13, 1, 130, 'p', 'p', 'p', 'p', 'p', 'p', 'p', 'a', 'a', 'p', 'p', 'a', 'a', 'p'),
(1288418, 13, 1, 130, 'a', 'a', 'a', 'a', 'a', 'a', 'a', 'a', 'a', 'a', 'a', 'a', 'a', 'a'),
(1321367, 11, 3, 110, 'p', 'a', 'p', 'p', 'p', 'a', 'p', 'a', 'p', 'a', 'a', 'a', 'a', 'a'),
(1334099, 5, 9, 50, 'a', 'p', 'a', 'a', 'p', 'p', 'a', 'a', 'p', 'a', 'p', 'a', 'a', 'a'),
(1299559, 6, 8, 60, 'a', 'p', 'a', 'p', 'p', 'p', 'a', 'p', 'a', 'p', 'a', 'a', 'a', 'a'),
(1214700, 5, 9, 50, 'a', 'p', 'a', 'a', 'p', 'p', 'a', 'a', 'p', 'a', 'p', 'a', 'a', 'a'),
(1314922, 6, 8, 60, 'p', 'a', 'p', 'p', 'p', 'a', 'p', 'a', 'p', 'a', 'a', 'a', 'a', 'a'),
(1207115, 9, 5, 90, 'p', 'a', 'p', 'p', 'a', 'a', 'a', 'p', 'a', 'p', 'p', 'p', 'p', 'p'),
(1145021, 8, 6, 80, 'p', 'p', 'a', 'a', 'a', 'p', 'p', 'p', 'a', 'a', 'a', 'p', 'p', 'p'),
(1286560, 7, 7, 70, 'p', 'a', 'p', 'a', 'p', 'a', 'p', 'a', 'p', 'a', 'p', 'a', 'p', 'a'),
(1335963, 9, 5, 90, 'p', 'a', 'p', 'p', 'a', 'a', 'a', 'p', 'a', 'p', 'p', 'p', 'p', 'p'),
(1305863, 8, 6, 80, 'p', 'p', 'a', 'a', 'a', 'p', 'p', 'p', 'a', 'a', 'a', 'p', 'p', 'p'),
(1067270, 7, 7, 70, 'p', 'a', 'p', 'a', 'p', 'a', 'p', 'a', 'p', 'a', 'p', 'a', 'p', 'a'),
(1257333, 10, 4, 100, 'p', 'a', 'p', 'p', 'a', 'a', 'a', 'p', 'a', 'p', 'p', 'p', 'p', 'p'),
(1241839, 6, 8, 60, 'p', 'a', 'p', 'a', 'p', 'a', 'p', 'a', 'p', 'a', 'p', 'a', 'p', 'a'),
(1253872, 13, 1, 130, 'p', 'p', 'p', 'p', 'p', 'p', 'p', 'a', 'a', 'p', 'p', 'a', 'a', 'p'),
(1247263, 13, 1, 130, 'a', 'a', 'a', 'a', 'a', 'a', 'a', 'a', 'a', 'a', 'a', 'a', 'a', 'a'),
(1064002, 11, 3, 110, 'p', 'a', 'p', 'p', 'p', 'a', 'p', 'a', 'p', 'a', 'a', 'a', 'a', 'a'),
(1231014, 12, 2, 120, 'p', 'p', 'p', 'p', 'a', 'p', 'p', 'p', 'p', 'p', 'p', 'p', 'p', 'p'),
(1325604, 7, 7, 70, 'p', 'p', 'p', 'p', 'a', 'p', 'p', 'p', 'p', 'p', 'p', 'p', 'p', 'p'),
(1310470, 14, 0, 140, 'p', 'p', 'p', 'p', 'p', 'p', 'p', 'p', 'p', 'p', 'p', 'p', 'p', 'p'),
(1298114, 3, 11, 30, 'a', 'p', 'a', 'a', 'p', 'p', 'a', 'a', 'a', 'a', 'a', 'a', 'a', 'a'),
(1164409, 10, 4, 100, 'p', 'p', 'p', 'p', 'p', 'p', 'p', 'a', 'a', 'p', 'p', 'a', 'a', 'p'),
(1319157, 0, 14, 0, 'a', 'a', 'a', 'a', 'a', 'a', 'a', 'a', 'a', 'a', 'a', 'a', 'a', 'a'),
(1100186, 7, 7, 70, 'a', 'p', 'a', 'p', 'a', 'p', 'a', 'p', 'a', 'p', 'a', 'p', 'a', 'p'),
(1266596, 9, 5, 90, 'p', 'a', 'p', 'p', 'a', 'a', 'a', 'p', 'a', 'p', 'p', 'p', 'p', 'p'),
(1179011, 8, 6, 80, 'p', 'p', 'a', 'a', 'a', 'p', 'p', 'p', 'a', 'a', 'a', 'p', 'p', 'p'),
(1230958, 7, 7, 70, 'p', 'a', 'p', 'a', 'p', 'a', 'p', 'a', 'p', 'a', 'p', 'a', 'p', 'a'),
(1022793, 10, 4, 100, 'p', 'p', 'p', 'p', 'p', 'p', 'p', 'a', 'a', 'p', 'p', 'a', 'a', 'p'),
(1253582, 0, 14, 0, 'a', 'a', 'a', 'a', 'a', 'a', 'a', 'a', 'a', 'a', 'a', 'a', 'a', 'a'),
(1160887, 6, 8, 60, 'p', 'a', 'p', 'p', 'p', 'a', 'p', 'a', 'p', 'a', 'a', 'a', 'a', 'a'),
(1184493, 13, 1, 130, 'p', 'p', 'p', 'p', 'a', 'p', 'p', 'p', 'p', 'p', 'p', 'p', 'p', 'p'),
(1233376, 13, 1, 130, 'p', 'p', 'p', 'p', 'a', 'p', 'p', 'p', 'p', 'p', 'p', 'p', 'p', 'p'),
(1337512, 11, 3, 110, 'a', 'p', 'p', 'p', 'a', 'p', 'p', 'p', 'p', 'a', 'p', 'p', 'p', 'p'),
(1221703, 9, 5, 90, 'p', 'p', 'p', 'a', 'a', 'p', 'p', 'a', 'p', 'a', 'p', 'a', 'p', 'p'),
(1288191, 13, 1, 130, 'p', 'p', 'p', 'p', 'a', 'p', 'p', 'p', 'p', 'p', 'p', 'p', 'p', 'p'),
(1286309, 12, 2, 120, 'p', 'p', 'p', 'p', 'a', 'p', 'p', 'p', 'p', 'p', 'p', 'a', 'p', 'p'),
(1337895, 7, 7, 70, 'a', 'p', 'a', 'p', 'a', 'p', 'a', 'p', 'a', 'p', 'a', 'p', 'a', 'p'),
(1291589, 2, 12, 20, 'p', 'a', 'a', 'p', 'a', 'a', 'a', 'a', 'a', 'a', 'a', 'a', 'a', 'a'),
(1325376, 1, 11, 10, 'a', 'p', 'a', 'a', 'a', 'a', 'a', 'a', 'a', 'a', 'a', 'a', 'a', 'a'),
(1229463, 14, 0, 140, 'p', 'p', 'p', 'p', 'p', 'p', 'p', 'p', 'p', 'p', 'p', 'p', 'p', 'p'),
(1256026, 14, 0, 140, 'p', 'p', 'p', 'p', 'p', 'p', 'p', 'p', 'p', 'p', 'p', 'p', 'p', 'p'),
(1224061, 14, 0, 140, 'p', 'p', 'p', 'p', 'p', 'p', 'p', 'p', 'p', 'p', 'p', 'p', 'p', 'p'),
(1285442, 14, 0, 140, 'p', 'p', 'p', 'p', 'p', 'p', 'p', 'p', 'p', 'p', 'p', 'p', 'p', 'p');

-- --------------------------------------------------------

--
-- Table structure for table `feb`
--

CREATE TABLE IF NOT EXISTS `feb` (
  `userid` int(11) NOT NULL,
  `total` int(11) NOT NULL
) ENGINE=MyISAM DEFAULT CHARSET=latin1;

--
-- Dumping data for table `feb`
--

INSERT INTO `feb` (`userid`, `total`) VALUES
(988904, 228),
(1179021, 198),
(1394505, 226),
(1248123, 222),
(1280231, 241),
(1254577, 194),
(1174498, 239),
(1238105, 191),
(1433633, 225),
(1292820, 223),
(1288418, 217),
(1321367, 185),
(1334099, 238),
(1299559, 209),
(1214700, 213),
(1314922, 233),
(1207115, 238),
(1145021, 185),
(1286560, 223),
(1335963, 236),
(1305863, 189),
(1067270, 209),
(1257333, 226),
(1193060, 228),
(1241839, 224),
(1253872, 245),
(1247263, 192),
(1064002, 263),
(1231014, 185),
(1325604, 238),
(1310470, 209),
(1298114, 223),
(1164409, 236),
(1319157, 189),
(1100186, 209),
(1266596, 226),
(1179011, 228),
(1230958, 224),
(1022793, 245),
(1253582, 192),
(1160887, 263),
(1184493, 223),
(1233376, 205),
(1337512, 311),
(1221703, 207),
(1288191, 221),
(1286309, 308),
(1337895, 239),
(1291589, 191),
(1325376, 200),
(1229463, 175),
(1256026, 241),
(1224061, 223),
(1285442, 207);

-- --------------------------------------------------------

--
-- Table structure for table `jan`
--

CREATE TABLE IF NOT EXISTS `jan` (
  `userid` int(11) NOT NULL,
  `total` int(11) NOT NULL
) ENGINE=MyISAM DEFAULT CHARSET=latin1;

--
-- Dumping data for table `jan`
--

INSERT INTO `jan` (`userid`, `total`) VALUES
(988904, 209),
(1179021, 226),
(1394505, 236),
(1248123, 189),
(1280231, 209),
(1254577, 226),
(1174498, 228),
(1238105, 224),
(1433633, 245),
(1292820, 236),
(1288418, 189),
(1321367, 209),
(1334099, 226),
(1299559, 236),
(1214700, 189),
(1314922, 209),
(1207115, 226),
(1145021, 228),
(1286560, 209),
(1335963, 226),
(1305863, 236),
(1067270, 189),
(1257333, 209),
(1193060, 226),
(1241839, 238),
(1253872, 185),
(1247263, 223),
(1064002, 236),
(1231014, 263),
(1325604, 157),
(1310470, 236),
(1298114, 189),
(1164409, 209),
(1319157, 226),
(1100186, 236),
(1266596, 189),
(1179011, 209),
(1230958, 226),
(1022793, 228),
(1253582, 241),
(1160887, 194),
(1184493, 239),
(1233376, 209),
(1337512, 226),
(1221703, 238),
(1288191, 185),
(1286309, 223),
(1337895, 236),
(1291589, 189),
(1325376, 209),
(1229463, 226),
(1256026, 236),
(1224061, 189),
(1285442, 250);

-- --------------------------------------------------------

--
-- Table structure for table `january`
--

CREATE TABLE IF NOT EXISTS `january` (
  `userid` int(11) NOT NULL,
  `1` int(11) NOT NULL,
  `2` int(11) NOT NULL,
  `3` int(11) NOT NULL,
  `4` int(11) NOT NULL,
  `5` int(11) NOT NULL,
  `6` int(11) NOT NULL,
  `7` int(11) NOT NULL,
  `8` int(11) NOT NULL,
  `9` int(11) NOT NULL,
  `10` int(11) NOT NULL,
  `11` int(11) NOT NULL,
  `12` int(11) NOT NULL,
  `13` int(11) NOT NULL,
  `14` int(11) NOT NULL,
  `15` int(11) NOT NULL,
  `16` int(11) NOT NULL,
  `17` int(11) NOT NULL,
  `18` int(11) NOT NULL,
  `19` int(11) NOT NULL,
  `20` int(11) NOT NULL,
  `21` int(11) NOT NULL,
  `22` int(11) NOT NULL,
  `23` int(11) NOT NULL,
  `24` int(11) NOT NULL,
  `25` int(11) NOT NULL,
  `26` int(11) NOT NULL,
  `27` int(11) NOT NULL,
  `28` int(11) NOT NULL,
  `29` int(11) NOT NULL,
  `30` int(11) NOT NULL,
  `31` int(11) NOT NULL,
  `total` int(11) NOT NULL
) ENGINE=MyISAM DEFAULT CHARSET=latin1;

--
-- Dumping data for table `january`
--

INSERT INTO `january` (`userid`, `1`, `2`, `3`, `4`, `5`, `6`, `7`, `8`, `9`, `10`, `11`, `12`, `13`, `14`, `15`, `16`, `17`, `18`, `19`, `20`, `21`, `22`, `23`, `24`, `25`, `26`, `27`, `28`, `29`, `30`, `31`, `total`) VALUES
(1145021, 6, 8, 9, 1, 6, 12, 9, 1, 9, 9, 9, 1, 9, 9, 4, 16, 7, 4, 6, 9, 1, 0, 6, 12, 5, 9, 12, 5, 9, 12, 7, 222),
(1207115, 7, 6, 6, 9, 0, 9, 12, 5, 5, 6, 12, 5, 5, 6, 9, 9, 6, 9, 7, 6, 9, 5, 7, 1, 6, 8, 9, 7, 8, 9, 6, 226),
(1314922, 9, 0, 7, 6, 5, 8, 9, 7, 1, 12, 5, 6, 0, 9, 5, 6, 7, 6, 4, 7, 6, 9, 4, 9, 0, 5, 8, 9, 5, 8, 7, 198),
(1214700, 12, 5, 9, 9, 9, 5, 8, 9, 9, 1, 1, 12, 5, 6, 1, 12, 9, 9, 0, 5, 12, 6, 0, 6, 5, 9, 8, 12, 9, 8, 9, 228),
(1299559, 14, 9, 5, 6, 0, 9, 80, 12, 6, 9, 9, 1, 6, 12, 9, 1, 5, 6, 5, 9, 9, 12, 5, 9, 9, 6, 0, 14, 6, 0, 5, 296),
(1334099, 16, 6, 1, 12, 45, 6, 0, 14, 7, 6, 6, 9, 0, 9, 12, 5, 7, 1, 12, 5, 6, 0, 9, 5, 6, 6, 6, 8, 6, 6, 7, 244),
(1321367, 5, 12, 9, 1, 0, 6, 6, 8, 5, 12, 7, 6, 5, 8, 9, 7, 9, 9, 1, 1, 12, 5, 6, 1, 12, 7, 7, 5, 7, 7, 9, 210),
(1288418, 9, 9, 6, 9, 5, 7, 7, 5, 9, 9, 9, 9, 9, 5, 8, 9, 12, 6, 9, 9, 1, 6, 12, 9, 1, 4, 4, 9, 4, 4, 12, 233),
(1292820, 6, 8, 7, 6, 9, 4, 4, 9, 6, 8, 5, 6, 0, 9, 8, 12, 14, 7, 6, 6, 9, 0, 9, 12, 5, 9, 12, 5, 9, 9, 14, 237),
(1433633, 7, 5, 5, 12, 6, 0, 0, 6, 7, 5, 1, 12, 45, 6, 0, 14, 8, 5, 12, 7, 6, 5, 8, 9, 7, 6, 0, 9, 5, 6, 8, 244),
(1238105, 4, 9, 9, 9, 12, 5, 5, 7, 4, 6, 9, 1, 0, 6, 6, 8, 5, 9, 9, 9, 9, 9, 5, 8, 9, 12, 5, 6, 1, 12, 5, 213),
(1174498, 0, 6, 6, 8, 9, 7, 6, 6, 9, 7, 6, 9, 5, 7, 7, 5, 9, 6, 8, 5, 6, 0, 9, 8, 12, 1, 6, 12, 9, 1, 9, 209),
(1254577, 5, 7, 7, 5, 6, 9, 0, 7, 6, 4, 7, 6, 9, 4, 4, 9, 6, 7, 5, 1, 12, 45, 6, 0, 14, 9, 0, 9, 12, 5, 6, 238),
(1280231, 9, 4, 4, 9, 6, 12, 5, 9, 9, 0, 5, 12, 6, 0, 0, 6, 7, 4, 6, 9, 1, 0, 6, 6, 8, 6, 5, 8, 9, 7, 7, 185),
(1248123, 6, 0, 0, 6, 7, 14, 9, 5, 6, 5, 9, 9, 12, 5, 5, 7, 6, 9, 7, 6, 9, 5, 7, 7, 5, 9, 9, 5, 8, 9, 6, 217),
(1394505, 12, 5, 5, 7, 4, 16, 6, 1, 12, 6, 6, 8, 9, 7, 6, 6, 7, 6, 4, 7, 6, 9, 4, 4, 9, 6, 0, 9, 8, 12, 7, 223),
(1179021, 9, 9, 9, 4, 0, 5, 12, 9, 1, 0, 7, 5, 6, 9, 0, 7, 9, 9, 0, 5, 12, 6, 0, 0, 6, 12, 45, 6, 0, 14, 9, 225),
(988904, 8, 6, 6, 0, 5, 9, 9, 6, 9, 5, 4, 9, 6, 12, 5, 9, 5, 6, 5, 9, 9, 12, 5, 5, 7, 1, 0, 6, 6, 8, 5, 242);

-- --------------------------------------------------------

--
-- Table structure for table `mar`
--

CREATE TABLE IF NOT EXISTS `mar` (
  `userid` int(11) NOT NULL,
  `total` int(11) NOT NULL
) ENGINE=MyISAM DEFAULT CHARSET=latin1;

--
-- Dumping data for table `mar`
--

INSERT INTO `mar` (`userid`, `total`) VALUES
(988904, 213),
(1179021, 233),
(1394505, 238),
(1248123, 185),
(1280231, 223),
(1254577, 236),
(1174498, 189),
(1238105, 209),
(1433633, 226),
(1292820, 236),
(1288418, 189),
(1321367, 209),
(1334099, 226),
(1299559, 228),
(1214700, 224),
(1314922, 245),
(1207115, 192),
(1145021, 263),
(1286560, 223),
(1335963, 222),
(1305863, 241),
(1067270, 194),
(1257333, 239),
(1193060, 191),
(1241839, 225),
(1253872, 223),
(1247263, 217),
(1064002, 185),
(1231014, 238),
(1325604, 209),
(1310470, 213),
(1298114, 233),
(1164409, 224),
(1319157, 245),
(1100186, 226),
(1266596, 222),
(1179011, 241),
(1230958, 194),
(1022793, 239),
(1253582, 191),
(1160887, 225),
(1184493, 223),
(1233376, 217),
(1337512, 185),
(1221703, 238),
(1288191, 209),
(1286309, 213),
(1337895, 209),
(1291589, 226),
(1325376, 228),
(1229463, 224),
(1256026, 245),
(1224061, 192),
(1285442, 263);

-- --------------------------------------------------------

--
-- Table structure for table `may`
--

CREATE TABLE IF NOT EXISTS `may` (
  `userid` int(11) NOT NULL,
  `total` int(11) NOT NULL
) ENGINE=MyISAM DEFAULT CHARSET=latin1;

--
-- Dumping data for table `may`
--

INSERT INTO `may` (`userid`, `total`) VALUES
(988904, 209),
(1179021, 226),
(1394505, 236),
(1248123, 189),
(1280231, 209),
(1254577, 226),
(1174498, 228),
(1238105, 224),
(1433633, 245),
(1292820, 236),
(1288418, 189),
(1321367, 209),
(1334099, 226),
(1299559, 236),
(1214700, 189),
(1314922, 209),
(1207115, 226),
(1145021, 228),
(1286560, 209),
(1335963, 226),
(1305863, 236),
(1067270, 189),
(1257333, 209),
(1193060, 226),
(1241839, 238),
(1253872, 185),
(1247263, 223),
(1064002, 236),
(1231014, 263),
(1325604, 157),
(1310470, 236),
(1298114, 189),
(1164409, 209),
(1319157, 226),
(1100186, 236),
(1266596, 189),
(1179011, 209),
(1230958, 226),
(1022793, 228),
(1253582, 241),
(1160887, 194),
(1184493, 239),
(1233376, 209),
(1337512, 226),
(1221703, 238),
(1288191, 185),
(1286309, 223),
(1337895, 236),
(1291589, 189),
(1325376, 209),
(1229463, 226),
(1256026, 236),
(1224061, 189),
(1285442, 250);

-- --------------------------------------------------------

--
-- Table structure for table `months`
--

CREATE TABLE IF NOT EXISTS `months` (
  `day` int(11) NOT NULL,
  `jan` int(11) NOT NULL,
  `feb` int(11) NOT NULL,
  `mar` int(11) NOT NULL,
  `apr` int(11) NOT NULL,
  `may` int(11) NOT NULL
) ENGINE=MyISAM DEFAULT CHARSET=latin1;

--
-- Dumping data for table `months`
--

INSERT INTO `months` (`day`, `jan`, `feb`, `mar`, `apr`, `may`) VALUES
(1, 89, 63, 124, 124, 45),
(2, 99, 88, 56, 56, 77),
(3, 124, 80, 98, 98, 18),
(4, 56, 76, 45, 45, 0),
(5, 98, 65, 0, 77, 80),
(6, 45, 90, 80, 18, 64),
(7, 0, 110, 76, 0, 98),
(8, 34, 34, 65, 80, 79),
(9, 77, 77, 90, 64, 79),
(10, 64, 64, 110, 98, 63),
(11, 96, 96, 34, 79, 88),
(12, 55, 55, 77, 63, 98),
(13, 67, 67, 64, 88, 45),
(14, 145, 145, 98, 98, 0),
(15, 120, 120, 79, 45, 56),
(16, 98, 98, 63, 0, 98),
(17, 79, 79, 88, 99, 45),
(18, 63, 89, 80, 124, 0),
(19, 88, 99, 56, 56, 34),
(20, 80, 124, 98, 98, 63),
(21, 76, 56, 45, 45, 88),
(22, 65, 98, 0, 0, 80),
(23, 90, 45, 34, 34, 76),
(24, 110, 0, 89, 65, 65),
(25, 115, 98, 99, 90, 124),
(26, 90, 45, 124, 110, 56),
(27, 75, 0, 56, 115, 98),
(28, 102, 34, 98, 90, 45),
(29, 99, 0, 45, 75, 0),
(30, 92, 0, 77, 80, 56),
(31, 105, 0, 18, 0, 98);

-- --------------------------------------------------------

--
-- Table structure for table `time`
--

CREATE TABLE IF NOT EXISTS `time` (
  `day` int(11) NOT NULL,
  `time` int(11) NOT NULL
) ENGINE=MyISAM DEFAULT CHARSET=latin1;

--
-- Dumping data for table `time`
--

INSERT INTO `time` (`day`, `time`) VALUES
(1, 89),
(2, 99),
(3, 124),
(4, 56),
(5, 98),
(6, 45),
(7, 0),
(8, 34),
(9, 77),
(10, 64),
(11, 96),
(12, 55),
(13, 67),
(14, 145),
(15, 120),
(16, 98),
(17, 79),
(18, 63),
(19, 88),
(20, 80),
(21, 76),
(22, 65),
(23, 90),
(24, 110),
(25, 115),
(26, 90),
(27, 75),
(28, 102),
(29, 99),
(30, 92);

/*!40101 SET CHARACTER_SET_CLIENT=@OLD_CHARACTER_SET_CLIENT */;
/*!40101 SET CHARACTER_SET_RESULTS=@OLD_CHARACTER_SET_RESULTS */;
/*!40101 SET COLLATION_CONNECTION=@OLD_COLLATION_CONNECTION */;
